ecosystem_type,data_type,year,var,group,old_var,value,units
lake,air_temp_hoare_met,1988,air_temp,HOR,Mean DJF air temp (degC),-2.936666667,degC
lake,air_temp_hoare_met,1988,short_wave_rad,HOR,DJF mean shortwave rad (W/m2),207.3362,W/m2
lake,air_temp_hoare_met,1989,air_temp,HOR,Mean DJF air temp (degC),-4.533333333,degC
lake,air_temp_hoare_met,1989,short_wave_rad,HOR,DJF mean shortwave rad (W/m2),191.7342,W/m2
lake,air_temp_hoare_met,1990,air_temp,HOR,Mean DJF air temp (degC),-4.106666667,degC
lake,air_temp_hoare_met,1990,short_wave_rad,HOR,DJF mean shortwave rad (W/m2),215.1655,W/m2
lake,air_temp_hoare_met,1991,air_temp,HOR,Mean DJF air temp (degC),-2.5,degC
lake,air_temp_hoare_met,1991,short_wave_rad,HOR,DJF mean shortwave rad (W/m2),216.0908,W/m2
lake,air_temp_hoare_met,1992,air_temp,HOR,Mean DJF air temp (degC),-3.97,degC
lake,air_temp_hoare_met,1992,short_wave_rad,HOR,DJF mean shortwave rad (W/m2),179.4803,W/m2
lake,air_temp_hoare_met,1993,air_temp,HOR,Mean DJF air temp (degC),-3.623333333,degC
lake,air_temp_hoare_met,1993,short_wave_rad,HOR,DJF mean shortwave rad (W/m2),213.2857,W/m2
lake,air_temp_hoare_met,1994,air_temp,HOR,Mean DJF air temp (degC),-5.556666667,degC
lake,air_temp_hoare_met,1994,short_wave_rad,HOR,DJF mean shortwave rad (W/m2),262.9348,W/m2
lake,air_temp_hoare_met,1995,air_temp,HOR,Mean DJF air temp (degC),-4.476666667,degC
lake,air_temp_hoare_met,1995,short_wave_rad,HOR,DJF mean shortwave rad (W/m2),225.5095,W/m2
lake,air_temp_hoare_met,1996,air_temp,HOR,Mean DJF air temp (degC),-3.29,degC
lake,air_temp_hoare_met,1996,short_wave_rad,HOR,DJF mean shortwave rad (W/m2),225.4095,W/m2
lake,air_temp_hoare_met,1997,air_temp,HOR,Mean DJF air temp (degC),-4.736666667,degC
lake,air_temp_hoare_met,1997,short_wave_rad,HOR,DJF mean shortwave rad (W/m2),227.2312,W/m2
lake,air_temp_hoare_met,1998,air_temp,HOR,Mean DJF air temp (degC),-4.79,degC
lake,air_temp_hoare_met,1998,short_wave_rad,HOR,DJF mean shortwave rad (W/m2),206.5104,W/m2
lake,air_temp_hoare_met,1999,air_temp,HOR,Mean DJF air temp (degC),-3.833333333,degC
lake,air_temp_hoare_met,1999,short_wave_rad,HOR,DJF mean shortwave rad (W/m2),238.0636,W/m2
lake,air_temp_hoare_met,2000,air_temp,HOR,Mean DJF air temp (degC),-4.74,degC
lake,air_temp_hoare_met,2000,short_wave_rad,HOR,DJF mean shortwave rad (W/m2),248.6453,W/m2
lake,air_temp_hoare_met,2001,air_temp,HOR,Mean DJF air temp (degC),-5.546666667,degC
lake,air_temp_hoare_met,2001,short_wave_rad,HOR,DJF mean shortwave rad (W/m2),246.3907,W/m2
lake,air_temp_hoare_met,2002,air_temp,HOR,Mean DJF air temp (degC),-3.046666667,degC
lake,air_temp_hoare_met,2002,short_wave_rad,HOR,DJF mean shortwave rad (W/m2),244.2238,W/m2
lake,air_temp_hoare_met,2003,air_temp,HOR,Mean DJF air temp (degC),-4.6,degC
lake,air_temp_hoare_met,2003,short_wave_rad,HOR,DJF mean shortwave rad (W/m2),230.8272,W/m2
lake,air_temp_hoare_met,2004,air_temp,HOR,Mean DJF air temp (degC),-5,degC
lake,air_temp_hoare_met,2004,short_wave_rad,HOR,DJF mean shortwave rad (W/m2),250.1991,W/m2
lake,air_temp_hoare_met,2005,air_temp,HOR,Mean DJF air temp (degC),-4.086666667,degC
lake,air_temp_hoare_met,2005,short_wave_rad,HOR,DJF mean shortwave rad (W/m2),222.1829,W/m2
lake,air_temp_hoare_met,2006,air_temp,HOR,Mean DJF air temp (degC),-3.993333333,degC
lake,air_temp_hoare_met,2006,short_wave_rad,HOR,DJF mean shortwave rad (W/m2),229.5254,W/m2
lake,air_temp_hoare_met,2007,air_temp,HOR,Mean DJF air temp (degC),-4.496666667,degC
lake,air_temp_hoare_met,2007,short_wave_rad,HOR,DJF mean shortwave rad (W/m2),234.069,W/m2
lake,air_temp_hoare_met,2008,air_temp,HOR,Mean DJF air temp (degC),-4.596666667,degC
lake,air_temp_hoare_met,2008,short_wave_rad,HOR,DJF mean shortwave rad (W/m2),236.7522,W/m2
lake,air_temp_hoare_met,2009,air_temp,HOR,Mean DJF air temp (degC),-5.306666667,degC
lake,air_temp_hoare_met,2009,short_wave_rad,HOR,DJF mean shortwave rad (W/m2),244.1203,W/m2
lake,air_temp_hoare_met,2010,air_temp,HOR,Mean DJF air temp (degC),-4.593333333,degC
lake,air_temp_hoare_met,2010,short_wave_rad,HOR,DJF mean shortwave rad (W/m2),232.8938,W/m2
lake,air_temp_hoare_met,2011,air_temp,HOR,Mean DJF air temp (degC),-4.49,degC
lake,air_temp_hoare_met,2011,short_wave_rad,HOR,DJF mean shortwave rad (W/m2),229.5793374,W/m2
lake,air_temp_hoare_met,2012,air_temp,HOR,Mean DJF air temp (degC),-3.843784116,degC
lake,air_temp_hoare_met,2012,short_wave_rad,HOR,DJF mean shortwave rad (W/m2),248.1586794,W/m2
lake,air_temp_hoare_met,2013,air_temp,HOR,Mean DJF air temp (degC),-3.703127315,degC
lake,air_temp_hoare_met,2013,short_wave_rad,HOR,DJF mean shortwave rad (W/m2),220.5726389,W/m2
soil,nematodes,1994,total_live,Scottnema,Scottnema total live,1393.25,# individuals/kg dry soil
soil,nematodes,1994,total_live,Eudorylaimus,Eudorylaimus total live,10.44848772,# individuals/kg dry soil
soil,nematodes,1995,total_live,Scottnema,Scottnema total live,1053.203678,# individuals/kg dry soil
soil,nematodes,1995,total_live,Eudorylaimus,Eudorylaimus total live,15.48241048,# individuals/kg dry soil
soil,nematodes,1996,total_live,Scottnema,Scottnema total live,1036.133204,# individuals/kg dry soil
soil,nematodes,1996,total_live,Eudorylaimus,Eudorylaimus total live,23.59270164,# individuals/kg dry soil
soil,nematodes,1996,total_live,Scottnema,Scottnema total live,392.0162475,# individuals/kg dry soil
soil,nematodes,1996,total_live,Eudorylaimus,Eudorylaimus total live,34.4008047,# individuals/kg dry soil
soil,nematodes,1997,total_live,Scottnema,Scottnema total live,698.9693436,# individuals/kg dry soil
soil,nematodes,1997,total_live,Eudorylaimus,Eudorylaimus total live,13.36024651,# individuals/kg dry soil
soil,nematodes,1999,total_live,Scottnema,Scottnema total live,617.68293,# individuals/kg dry soil
soil,nematodes,1999,total_live,Eudorylaimus,Eudorylaimus total live,18.92448309,# individuals/kg dry soil
soil,nematodes,2002,total_live,Scottnema,Scottnema total live,472.6532769,# individuals/kg dry soil
soil,nematodes,2002,total_live,Eudorylaimus,Eudorylaimus total live,16.27641132,# individuals/kg dry soil
soil,nematodes,2006,total_live,Scottnema,Scottnema total live,210.7417563,# individuals/kg dry soil
soil,nematodes,2006,total_live,Eudorylaimus,Eudorylaimus total live,36.48750936,# individuals/kg dry soil
soil,nematodes,2008,total_live,Scottnema,Scottnema total live,648.4840755,# individuals/kg dry soil
soil,nematodes,2008,total_live,Eudorylaimus,Eudorylaimus total live,50.60994539,# individuals/kg dry soil
soil,nematodes,2009,total_live,Scottnema,Scottnema total live,363.7672008,# individuals/kg dry soil
soil,nematodes,2009,total_live,Eudorylaimus,Eudorylaimus total live,27.68495315,# individuals/kg dry soil
soil,nematodes,2012,total_live,Scottnema,Scottnema total live,715.3279044,# individuals/kg dry soil
soil,nematodes,2012,total_live,Eudorylaimus,Eudorylaimus total live,40.03872297,# individuals/kg dry soil
lake,lake_ice_thickness,1988,ice_thickness,FRX,FRX ice (m),,m
lake,lake_ice_thickness,1988,ice_thickness,HOR,HOR ice (m),,m
lake,lake_ice_thickness,1988,ice_thickness,ELB,ELB ice (m),,m
lake,lake_ice_thickness,1988,ice_thickness,WLB,WLB ice (m),,m
lake,lake_ice_thickness,1989,ice_thickness,FRX,FRX ice (m),,m
lake,lake_ice_thickness,1989,ice_thickness,HOR,HOR ice (m),,m
lake,lake_ice_thickness,1989,ice_thickness,ELB,ELB ice (m),,m
lake,lake_ice_thickness,1989,ice_thickness,WLB,WLB ice (m),,m
lake,lake_ice_thickness,1990,ice_thickness,FRX,FRX ice (m),,m
lake,lake_ice_thickness,1990,ice_thickness,HOR,HOR ice (m),,m
lake,lake_ice_thickness,1990,ice_thickness,ELB,ELB ice (m),3.9,m
lake,lake_ice_thickness,1990,ice_thickness,WLB,WLB ice (m),3.75,m
lake,lake_ice_thickness,1991,ice_thickness,FRX,FRX ice (m),4.45,m
lake,lake_ice_thickness,1991,ice_thickness,HOR,HOR ice (m),,m
lake,lake_ice_thickness,1991,ice_thickness,ELB,ELB ice (m),3.74,m
lake,lake_ice_thickness,1991,ice_thickness,WLB,WLB ice (m),,m
lake,lake_ice_thickness,1992,ice_thickness,FRX,FRX ice (m),,m
lake,lake_ice_thickness,1992,ice_thickness,HOR,HOR ice (m),,m
lake,lake_ice_thickness,1992,ice_thickness,ELB,ELB ice (m),,m
lake,lake_ice_thickness,1992,ice_thickness,WLB,WLB ice (m),,m
lake,lake_ice_thickness,1993,ice_thickness,FRX,FRX ice (m),,m
lake,lake_ice_thickness,1993,ice_thickness,HOR,HOR ice (m),,m
lake,lake_ice_thickness,1993,ice_thickness,ELB,ELB ice (m),,m
lake,lake_ice_thickness,1993,ice_thickness,WLB,WLB ice (m),,m
lake,lake_ice_thickness,1994,ice_thickness,FRX,FRX ice (m),,m
lake,lake_ice_thickness,1994,ice_thickness,HOR,HOR ice (m),,m
lake,lake_ice_thickness,1994,ice_thickness,ELB,ELB ice (m),,m
lake,lake_ice_thickness,1994,ice_thickness,WLB,WLB ice (m),3.5,m
lake,lake_ice_thickness,1995,ice_thickness,FRX,FRX ice (m),,m
lake,lake_ice_thickness,1995,ice_thickness,HOR,HOR ice (m),,m
lake,lake_ice_thickness,1995,ice_thickness,ELB,ELB ice (m),,m
lake,lake_ice_thickness,1995,ice_thickness,WLB,WLB ice (m),3.25,m
lake,lake_ice_thickness,1996,ice_thickness,FRX,FRX ice (m),4.544,m
lake,lake_ice_thickness,1996,ice_thickness,HOR,HOR ice (m),4.72,m
lake,lake_ice_thickness,1996,ice_thickness,ELB,ELB ice (m),3.94,m
lake,lake_ice_thickness,1996,ice_thickness,WLB,WLB ice (m),3.926666667,m
lake,lake_ice_thickness,1997,ice_thickness,FRX,FRX ice (m),4.241666667,m
lake,lake_ice_thickness,1997,ice_thickness,HOR,HOR ice (m),4.746923077,m
lake,lake_ice_thickness,1997,ice_thickness,ELB,ELB ice (m),4.174444444,m
lake,lake_ice_thickness,1997,ice_thickness,WLB,WLB ice (m),3.988333333,m
lake,lake_ice_thickness,1998,ice_thickness,FRX,FRX ice (m),4.371666667,m
lake,lake_ice_thickness,1998,ice_thickness,HOR,HOR ice (m),4.879,m
lake,lake_ice_thickness,1998,ice_thickness,ELB,ELB ice (m),4.175,m
lake,lake_ice_thickness,1998,ice_thickness,WLB,WLB ice (m),3.962727273,m
lake,lake_ice_thickness,1999,ice_thickness,FRX,FRX ice (m),4.9,m
lake,lake_ice_thickness,1999,ice_thickness,HOR,HOR ice (m),5.314166667,m
lake,lake_ice_thickness,1999,ice_thickness,ELB,ELB ice (m),4.48,m
lake,lake_ice_thickness,1999,ice_thickness,WLB,WLB ice (m),4.340909091,m
lake,lake_ice_thickness,2000,ice_thickness,FRX,FRX ice (m),5.167,m
lake,lake_ice_thickness,2000,ice_thickness,HOR,HOR ice (m),5.2675,m
lake,lake_ice_thickness,2000,ice_thickness,ELB,ELB ice (m),4.66,m
lake,lake_ice_thickness,2000,ice_thickness,WLB,WLB ice (m),4.315,m
lake,lake_ice_thickness,2001,ice_thickness,FRX,FRX ice (m),4.977777778,m
lake,lake_ice_thickness,2001,ice_thickness,HOR,HOR ice (m),5.075,m
lake,lake_ice_thickness,2001,ice_thickness,ELB,ELB ice (m),4.746,m
lake,lake_ice_thickness,2001,ice_thickness,WLB,WLB ice (m),4.33,m
lake,lake_ice_thickness,2002,ice_thickness,FRX,FRX ice (m),5.391,m
lake,lake_ice_thickness,2002,ice_thickness,HOR,HOR ice (m),5.77,m
lake,lake_ice_thickness,2002,ice_thickness,ELB,ELB ice (m),4.881428571,m
lake,lake_ice_thickness,2002,ice_thickness,WLB,WLB ice (m),4.441666667,m
lake,lake_ice_thickness,2003,ice_thickness,FRX,FRX ice (m),5.333333333,m
lake,lake_ice_thickness,2003,ice_thickness,HOR,HOR ice (m),4.12,m
lake,lake_ice_thickness,2003,ice_thickness,ELB,ELB ice (m),4.634,m
lake,lake_ice_thickness,2003,ice_thickness,WLB,WLB ice (m),4.104285714,m
lake,lake_ice_thickness,2004,ice_thickness,FRX,FRX ice (m),5.573333333,m
lake,lake_ice_thickness,2004,ice_thickness,HOR,HOR ice (m),4.215,m
lake,lake_ice_thickness,2004,ice_thickness,ELB,ELB ice (m),4.744,m
lake,lake_ice_thickness,2004,ice_thickness,WLB,WLB ice (m),4.013,m
lake,lake_ice_thickness,2005,ice_thickness,FRX,FRX ice (m),6,m
lake,lake_ice_thickness,2005,ice_thickness,HOR,HOR ice (m),3.836666667,m
lake,lake_ice_thickness,2005,ice_thickness,ELB,ELB ice (m),4.883333333,m
lake,lake_ice_thickness,2005,ice_thickness,WLB,WLB ice (m),3.933333333,m
lake,lake_ice_thickness,2006,ice_thickness,FRX,FRX ice (m),5.913333333,m
lake,lake_ice_thickness,2006,ice_thickness,HOR,HOR ice (m),3.84,m
lake,lake_ice_thickness,2006,ice_thickness,ELB,ELB ice (m),4.388571429,m
lake,lake_ice_thickness,2006,ice_thickness,WLB,WLB ice (m),3.968,m
lake,lake_ice_thickness,2007,ice_thickness,FRX,FRX ice (m),5.46,m
lake,lake_ice_thickness,2007,ice_thickness,HOR,HOR ice (m),3.655,m
lake,lake_ice_thickness,2007,ice_thickness,ELB,ELB ice (m),3.603333333,m
lake,lake_ice_thickness,2007,ice_thickness,WLB,WLB ice (m),3.89,m
lake,lake_ice_thickness,2008,ice_thickness,FRX,FRX ice (m),4.618,m
lake,lake_ice_thickness,2008,ice_thickness,HOR,HOR ice (m),3.392,m
lake,lake_ice_thickness,2008,ice_thickness,ELB,ELB ice (m),3.511,m
lake,lake_ice_thickness,2008,ice_thickness,WLB,WLB ice (m),3.646,m
lake,lake_ice_thickness,2009,ice_thickness,FRX,FRX ice (m),4.28875,m
lake,lake_ice_thickness,2009,ice_thickness,HOR,HOR ice (m),3.404285714,m
lake,lake_ice_thickness,2009,ice_thickness,ELB,ELB ice (m),3.435,m
lake,lake_ice_thickness,2009,ice_thickness,WLB,WLB ice (m),3.688,m
lake,lake_ice_thickness,2010,ice_thickness,FRX,FRX ice (m),3.87,m
lake,lake_ice_thickness,2010,ice_thickness,HOR,HOR ice (m),3.366,m
lake,lake_ice_thickness,2010,ice_thickness,ELB,ELB ice (m),3.552857143,m
lake,lake_ice_thickness,2010,ice_thickness,WLB,WLB ice (m),3.544,m
lake,lake_ice_thickness,2011,ice_thickness,FRX,FRX ice (m),4.25,m
lake,lake_ice_thickness,2011,ice_thickness,HOR,HOR ice (m),3.8125,m
lake,lake_ice_thickness,2011,ice_thickness,ELB,ELB ice (m),3.86,m
lake,lake_ice_thickness,2011,ice_thickness,WLB,WLB ice (m),3.7775,m
lake,lake_ice_thickness,2012,ice_thickness,FRX,FRX ice (m),4.3925,m
lake,lake_ice_thickness,2012,ice_thickness,HOR,HOR ice (m),3.654,m
lake,lake_ice_thickness,2012,ice_thickness,ELB,ELB ice (m),3.786,m
lake,lake_ice_thickness,2012,ice_thickness,WLB,WLB ice (m),3.656,m
lake,lake_ice_thickness,2013,ice_thickness,FRX,FRX ice (m),4.282,m
lake,lake_ice_thickness,2013,ice_thickness,HOR,HOR ice (m),3.85,m
lake,lake_ice_thickness,2013,ice_thickness,ELB,ELB ice (m),3.89,m
lake,lake_ice_thickness,2013,ice_thickness,WLB,WLB ice (m),3.635,m
lake,lake_ppr,1988,PPR,FRX,FRX PPR (mgC/m2/d),,mgC/m2/d
lake,lake_ppr,1988,PPR,HOR,HOR PPR (mgC/m2/d),,mgC/m2/d
lake,lake_ppr,1988,PPR,ELB,ELB PPR (mgC/m2/d),,mgC/m2/d
lake,lake_ppr,1988,PPR,WLB,WLB PPR (mgC/m2/d),,mgC/m2/d
lake,lake_ppr,1989,PPR,FRX,FRX PPR (mgC/m2/d),,mgC/m2/d
lake,lake_ppr,1989,PPR,HOR,HOR PPR (mgC/m2/d),,mgC/m2/d
lake,lake_ppr,1989,PPR,ELB,ELB PPR (mgC/m2/d),,mgC/m2/d
lake,lake_ppr,1989,PPR,WLB,WLB PPR (mgC/m2/d),,mgC/m2/d
lake,lake_ppr,1990,PPR,FRX,FRX PPR (mgC/m2/d),,mgC/m2/d
lake,lake_ppr,1990,PPR,HOR,HOR PPR (mgC/m2/d),,mgC/m2/d
lake,lake_ppr,1990,PPR,ELB,ELB PPR (mgC/m2/d),16.13062567,mgC/m2/d
lake,lake_ppr,1990,PPR,WLB,WLB PPR (mgC/m2/d),,mgC/m2/d
lake,lake_ppr,1991,PPR,FRX,FRX PPR (mgC/m2/d),,mgC/m2/d
lake,lake_ppr,1991,PPR,HOR,HOR PPR (mgC/m2/d),,mgC/m2/d
lake,lake_ppr,1991,PPR,ELB,ELB PPR (mgC/m2/d),14.97864,mgC/m2/d
lake,lake_ppr,1991,PPR,WLB,WLB PPR (mgC/m2/d),,mgC/m2/d
lake,lake_ppr,1992,PPR,FRX,FRX PPR (mgC/m2/d),,mgC/m2/d
lake,lake_ppr,1992,PPR,HOR,HOR PPR (mgC/m2/d),,mgC/m2/d
lake,lake_ppr,1992,PPR,ELB,ELB PPR (mgC/m2/d),13.47899821,mgC/m2/d
lake,lake_ppr,1992,PPR,WLB,WLB PPR (mgC/m2/d),,mgC/m2/d
lake,lake_ppr,1993,PPR,FRX,FRX PPR (mgC/m2/d),,mgC/m2/d
lake,lake_ppr,1993,PPR,HOR,HOR PPR (mgC/m2/d),,mgC/m2/d
lake,lake_ppr,1993,PPR,ELB,ELB PPR (mgC/m2/d),16.62264068,mgC/m2/d
lake,lake_ppr,1993,PPR,WLB,WLB PPR (mgC/m2/d),31.4762293,mgC/m2/d
lake,lake_ppr,1994,PPR,FRX,FRX PPR (mgC/m2/d),28.65969333,mgC/m2/d
lake,lake_ppr,1994,PPR,HOR,HOR PPR (mgC/m2/d),7.755954145,mgC/m2/d
lake,lake_ppr,1994,PPR,ELB,ELB PPR (mgC/m2/d),17.64289344,mgC/m2/d
lake,lake_ppr,1994,PPR,WLB,WLB PPR (mgC/m2/d),31.18790688,mgC/m2/d
lake,lake_ppr,1995,PPR,FRX,FRX PPR (mgC/m2/d),6.501047887,mgC/m2/d
lake,lake_ppr,1995,PPR,HOR,HOR PPR (mgC/m2/d),4.320440571,mgC/m2/d
lake,lake_ppr,1995,PPR,ELB,ELB PPR (mgC/m2/d),9.380504333,mgC/m2/d
lake,lake_ppr,1995,PPR,WLB,WLB PPR (mgC/m2/d),38.72987148,mgC/m2/d
lake,lake_ppr,1996,PPR,FRX,FRX PPR (mgC/m2/d),5.812470272,mgC/m2/d
lake,lake_ppr,1996,PPR,HOR,HOR PPR (mgC/m2/d),2.200123596,mgC/m2/d
lake,lake_ppr,1996,PPR,ELB,ELB PPR (mgC/m2/d),12.1340708,mgC/m2/d
lake,lake_ppr,1996,PPR,WLB,WLB PPR (mgC/m2/d),24.76233646,mgC/m2/d
lake,lake_ppr,1997,PPR,FRX,FRX PPR (mgC/m2/d),1.956211954,mgC/m2/d
lake,lake_ppr,1997,PPR,HOR,HOR PPR (mgC/m2/d),1.907380356,mgC/m2/d
lake,lake_ppr,1997,PPR,ELB,ELB PPR (mgC/m2/d),10.69933186,mgC/m2/d
lake,lake_ppr,1997,PPR,WLB,WLB PPR (mgC/m2/d),27.49212344,mgC/m2/d
lake,lake_ppr,1998,PPR,FRX,FRX PPR (mgC/m2/d),5.623755126,mgC/m2/d
lake,lake_ppr,1998,PPR,HOR,HOR PPR (mgC/m2/d),7.254440336,mgC/m2/d
lake,lake_ppr,1998,PPR,ELB,ELB PPR (mgC/m2/d),11.43290035,mgC/m2/d
lake,lake_ppr,1998,PPR,WLB,WLB PPR (mgC/m2/d),23.25324767,mgC/m2/d
lake,lake_ppr,1999,PPR,FRX,FRX PPR (mgC/m2/d),7.959001692,mgC/m2/d
lake,lake_ppr,1999,PPR,HOR,HOR PPR (mgC/m2/d),1.358208708,mgC/m2/d
lake,lake_ppr,1999,PPR,ELB,ELB PPR (mgC/m2/d),10.67474167,mgC/m2/d
lake,lake_ppr,1999,PPR,WLB,WLB PPR (mgC/m2/d),18.5287316,mgC/m2/d
lake,lake_ppr,2000,PPR,FRX,FRX PPR (mgC/m2/d),8.887891594,mgC/m2/d
lake,lake_ppr,2000,PPR,HOR,HOR PPR (mgC/m2/d),8.784590428,mgC/m2/d
lake,lake_ppr,2000,PPR,ELB,ELB PPR (mgC/m2/d),13.35950915,mgC/m2/d
lake,lake_ppr,2000,PPR,WLB,WLB PPR (mgC/m2/d),20.26200525,mgC/m2/d
lake,lake_ppr,2001,PPR,FRX,FRX PPR (mgC/m2/d),8.579867333,mgC/m2/d
lake,lake_ppr,2001,PPR,HOR,HOR PPR (mgC/m2/d),14.67832379,mgC/m2/d
lake,lake_ppr,2001,PPR,ELB,ELB PPR (mgC/m2/d),8.508542796,mgC/m2/d
lake,lake_ppr,2001,PPR,WLB,WLB PPR (mgC/m2/d),14.29229825,mgC/m2/d
lake,lake_ppr,2002,PPR,FRX,FRX PPR (mgC/m2/d),13.42930818,mgC/m2/d
lake,lake_ppr,2002,PPR,HOR,HOR PPR (mgC/m2/d),23.10932094,mgC/m2/d
lake,lake_ppr,2002,PPR,ELB,ELB PPR (mgC/m2/d),12.04582236,mgC/m2/d
lake,lake_ppr,2002,PPR,WLB,WLB PPR (mgC/m2/d),14.05229879,mgC/m2/d
lake,lake_ppr,2003,PPR,FRX,FRX PPR (mgC/m2/d),10.0331084,mgC/m2/d
lake,lake_ppr,2003,PPR,HOR,HOR PPR (mgC/m2/d),20.96285694,mgC/m2/d
lake,lake_ppr,2003,PPR,ELB,ELB PPR (mgC/m2/d),17.20682321,mgC/m2/d
lake,lake_ppr,2003,PPR,WLB,WLB PPR (mgC/m2/d),19.85552823,mgC/m2/d
lake,lake_ppr,2004,PPR,FRX,FRX PPR (mgC/m2/d),8.123795441,mgC/m2/d
lake,lake_ppr,2004,PPR,HOR,HOR PPR (mgC/m2/d),28.31965099,mgC/m2/d
lake,lake_ppr,2004,PPR,ELB,ELB PPR (mgC/m2/d),13.86075358,mgC/m2/d
lake,lake_ppr,2004,PPR,WLB,WLB PPR (mgC/m2/d),9.523832125,mgC/m2/d
lake,lake_ppr,2005,PPR,FRX,FRX PPR (mgC/m2/d),6.550464654,mgC/m2/d
lake,lake_ppr,2005,PPR,HOR,HOR PPR (mgC/m2/d),27.35815999,mgC/m2/d
lake,lake_ppr,2005,PPR,ELB,ELB PPR (mgC/m2/d),16.62400237,mgC/m2/d
lake,lake_ppr,2005,PPR,WLB,WLB PPR (mgC/m2/d),18.56093106,mgC/m2/d
lake,lake_ppr,2006,PPR,FRX,FRX PPR (mgC/m2/d),5.452354019,mgC/m2/d
lake,lake_ppr,2006,PPR,HOR,HOR PPR (mgC/m2/d),8.804176084,mgC/m2/d
lake,lake_ppr,2006,PPR,ELB,ELB PPR (mgC/m2/d),16.33312158,mgC/m2/d
lake,lake_ppr,2006,PPR,WLB,WLB PPR (mgC/m2/d),17.08656959,mgC/m2/d
lake,lake_ppr,2007,PPR,FRX,FRX PPR (mgC/m2/d),4.560056924,mgC/m2/d
lake,lake_ppr,2007,PPR,HOR,HOR PPR (mgC/m2/d),14.913242,mgC/m2/d
lake,lake_ppr,2007,PPR,ELB,ELB PPR (mgC/m2/d),17.54056615,mgC/m2/d
lake,lake_ppr,2007,PPR,WLB,WLB PPR (mgC/m2/d),16.78428607,mgC/m2/d
lake,lake_ppr,2008,PPR,FRX,FRX PPR (mgC/m2/d),9.233270375,mgC/m2/d
lake,lake_ppr,2008,PPR,HOR,HOR PPR (mgC/m2/d),8.331369333,mgC/m2/d
lake,lake_ppr,2008,PPR,ELB,ELB PPR (mgC/m2/d),22.44394756,mgC/m2/d
lake,lake_ppr,2008,PPR,WLB,WLB PPR (mgC/m2/d),18.58535058,mgC/m2/d
lake,lake_ppr,2009,PPR,FRX,FRX PPR (mgC/m2/d),8.978737413,mgC/m2/d
lake,lake_ppr,2009,PPR,HOR,HOR PPR (mgC/m2/d),14.75348916,mgC/m2/d
lake,lake_ppr,2009,PPR,ELB,ELB PPR (mgC/m2/d),14.8643313,mgC/m2/d
lake,lake_ppr,2009,PPR,WLB,WLB PPR (mgC/m2/d),19.81046592,mgC/m2/d
lake,lake_ppr,2010,PPR,FRX,FRX PPR (mgC/m2/d),11.90379157,mgC/m2/d
lake,lake_ppr,2010,PPR,HOR,HOR PPR (mgC/m2/d),2.917390265,mgC/m2/d
lake,lake_ppr,2010,PPR,ELB,ELB PPR (mgC/m2/d),14.86396632,mgC/m2/d
lake,lake_ppr,2010,PPR,WLB,WLB PPR (mgC/m2/d),24.19775014,mgC/m2/d
lake,lake_ppr,2011,PPR,FRX,FRX PPR (mgC/m2/d),25.98114455,mgC/m2/d
lake,lake_ppr,2011,PPR,HOR,HOR PPR (mgC/m2/d),16.94905004,mgC/m2/d
lake,lake_ppr,2011,PPR,ELB,ELB PPR (mgC/m2/d),15.61941031,mgC/m2/d
lake,lake_ppr,2011,PPR,WLB,WLB PPR (mgC/m2/d),21.05376777,mgC/m2/d
lake,lake_ppr,2012,PPR,FRX,FRX PPR (mgC/m2/d),12.37136846,mgC/m2/d
lake,lake_ppr,2012,PPR,HOR,HOR PPR (mgC/m2/d),4.586128852,mgC/m2/d
lake,lake_ppr,2012,PPR,ELB,ELB PPR (mgC/m2/d),15.59945194,mgC/m2/d
lake,lake_ppr,2012,PPR,WLB,WLB PPR (mgC/m2/d),30.51220192,mgC/m2/d
lake,lake_ppr,2013,PPR,FRX,FRX PPR (mgC/m2/d),13.91654574,mgC/m2/d
lake,lake_ppr,2013,PPR,HOR,HOR PPR (mgC/m2/d),,mgC/m2/d
lake,lake_ppr,2013,PPR,ELB,ELB PPR (mgC/m2/d),15.33343853,mgC/m2/d
lake,lake_ppr,2013,PPR,WLB,WLB PPR (mgC/m2/d),23.37075723,mgC/m2/d
lake,underwater_par,1988,uw_par,FRX,FRX UwPAR,,µmol photons/m2/s
lake,underwater_par,1988,uw_par,HOR,HOR UwPAR,,µmol photons/m2/s
lake,underwater_par,1988,uw_par,ELB,ELB UwPAR,,µmol photons/m2/s
lake,underwater_par,1988,uw_par,WLB,WLB UwPAR,,µmol photons/m2/s
lake,underwater_par,1989,uw_par,FRX,FRX UwPAR,,µmol photons/m2/s
lake,underwater_par,1989,uw_par,HOR,HOR UwPAR,,µmol photons/m2/s
lake,underwater_par,1989,uw_par,ELB,ELB UwPAR,,µmol photons/m2/s
lake,underwater_par,1989,uw_par,WLB,WLB UwPAR,,µmol photons/m2/s
lake,underwater_par,1990,uw_par,FRX,FRX UwPAR,,µmol photons/m2/s
lake,underwater_par,1990,uw_par,HOR,HOR UwPAR,,µmol photons/m2/s
lake,underwater_par,1990,uw_par,ELB,ELB UwPAR,,µmol photons/m2/s
lake,underwater_par,1990,uw_par,WLB,WLB UwPAR,,µmol photons/m2/s
lake,underwater_par,1991,uw_par,FRX,FRX UwPAR,,µmol photons/m2/s
lake,underwater_par,1991,uw_par,HOR,HOR UwPAR,,µmol photons/m2/s
lake,underwater_par,1991,uw_par,ELB,ELB UwPAR,,µmol photons/m2/s
lake,underwater_par,1991,uw_par,WLB,WLB UwPAR,,µmol photons/m2/s
lake,underwater_par,1992,uw_par,FRX,FRX UwPAR,,µmol photons/m2/s
lake,underwater_par,1992,uw_par,HOR,HOR UwPAR,,µmol photons/m2/s
lake,underwater_par,1992,uw_par,ELB,ELB UwPAR,,µmol photons/m2/s
lake,underwater_par,1992,uw_par,WLB,WLB UwPAR,,µmol photons/m2/s
lake,underwater_par,1993,uw_par,FRX,FRX UwPAR,,µmol photons/m2/s
lake,underwater_par,1993,uw_par,HOR,HOR UwPAR,,µmol photons/m2/s
lake,underwater_par,1993,uw_par,ELB,ELB UwPAR,,µmol photons/m2/s
lake,underwater_par,1993,uw_par,WLB,WLB UwPAR,,µmol photons/m2/s
lake,underwater_par,1994,uw_par,FRX,FRX UwPAR,0.408,µmol photons/m2/s
lake,underwater_par,1994,uw_par,HOR,HOR UwPAR,3.419666667,µmol photons/m2/s
lake,underwater_par,1994,uw_par,ELB,ELB UwPAR,10.80725,µmol photons/m2/s
lake,underwater_par,1994,uw_par,WLB,WLB UwPAR,11.7675,µmol photons/m2/s
lake,underwater_par,1995,uw_par,FRX,FRX UwPAR,1.278,µmol photons/m2/s
lake,underwater_par,1995,uw_par,HOR,HOR UwPAR,1.161,µmol photons/m2/s
lake,underwater_par,1995,uw_par,ELB,ELB UwPAR,7.622,µmol photons/m2/s
lake,underwater_par,1995,uw_par,WLB,WLB UwPAR,8.936,µmol photons/m2/s
lake,underwater_par,1996,uw_par,FRX,FRX UwPAR,1.5435,µmol photons/m2/s
lake,underwater_par,1996,uw_par,HOR,HOR UwPAR,0.7815,µmol photons/m2/s
lake,underwater_par,1996,uw_par,ELB,ELB UwPAR,10.997,µmol photons/m2/s
lake,underwater_par,1996,uw_par,WLB,WLB UwPAR,19.061,µmol photons/m2/s
lake,underwater_par,1997,uw_par,FRX,FRX UwPAR,0.37,µmol photons/m2/s
lake,underwater_par,1997,uw_par,HOR,HOR UwPAR,1.175,µmol photons/m2/s
lake,underwater_par,1997,uw_par,ELB,ELB UwPAR,11.215,µmol photons/m2/s
lake,underwater_par,1997,uw_par,WLB,WLB UwPAR,8.025,µmol photons/m2/s
lake,underwater_par,1998,uw_par,FRX,FRX UwPAR,0.83,µmol photons/m2/s
lake,underwater_par,1998,uw_par,HOR,HOR UwPAR,2.2,µmol photons/m2/s
lake,underwater_par,1998,uw_par,ELB,ELB UwPAR,14.58,µmol photons/m2/s
lake,underwater_par,1998,uw_par,WLB,WLB UwPAR,18.07,µmol photons/m2/s
lake,underwater_par,1999,uw_par,FRX,FRX UwPAR,0.793,µmol photons/m2/s
lake,underwater_par,1999,uw_par,HOR,HOR UwPAR,1.010333333,µmol photons/m2/s
lake,underwater_par,1999,uw_par,ELB,ELB UwPAR,13.16866667,µmol photons/m2/s
lake,underwater_par,1999,uw_par,WLB,WLB UwPAR,10.61666667,µmol photons/m2/s
lake,underwater_par,2000,uw_par,FRX,FRX UwPAR,0.4705,µmol photons/m2/s
lake,underwater_par,2000,uw_par,HOR,HOR UwPAR,1.1725,µmol photons/m2/s
lake,underwater_par,2000,uw_par,ELB,ELB UwPAR,10.761,µmol photons/m2/s
lake,underwater_par,2000,uw_par,WLB,WLB UwPAR,17.38666667,µmol photons/m2/s
lake,underwater_par,2001,uw_par,FRX,FRX UwPAR,0.491333333,µmol photons/m2/s
lake,underwater_par,2001,uw_par,HOR,HOR UwPAR,6.914,µmol photons/m2/s
lake,underwater_par,2001,uw_par,ELB,ELB UwPAR,10.23,µmol photons/m2/s
lake,underwater_par,2001,uw_par,WLB,WLB UwPAR,10.569,µmol photons/m2/s
lake,underwater_par,2002,uw_par,FRX,FRX UwPAR,0.7915,µmol photons/m2/s
lake,underwater_par,2002,uw_par,HOR,HOR UwPAR,12.005,µmol photons/m2/s
lake,underwater_par,2002,uw_par,ELB,ELB UwPAR,13.48333333,µmol photons/m2/s
lake,underwater_par,2002,uw_par,WLB,WLB UwPAR,13.77333333,µmol photons/m2/s
lake,underwater_par,2003,uw_par,FRX,FRX UwPAR,0.334,µmol photons/m2/s
lake,underwater_par,2003,uw_par,HOR,HOR UwPAR,12.06866667,µmol photons/m2/s
lake,underwater_par,2003,uw_par,ELB,ELB UwPAR,9.1895,µmol photons/m2/s
lake,underwater_par,2003,uw_par,WLB,WLB UwPAR,7.314,µmol photons/m2/s
lake,underwater_par,2004,uw_par,FRX,FRX UwPAR,0.1885,µmol photons/m2/s
lake,underwater_par,2004,uw_par,HOR,HOR UwPAR,12.85,µmol photons/m2/s
lake,underwater_par,2004,uw_par,ELB,ELB UwPAR,8.0895,µmol photons/m2/s
lake,underwater_par,2004,uw_par,WLB,WLB UwPAR,19.18,µmol photons/m2/s
lake,underwater_par,2005,uw_par,FRX,FRX UwPAR,0.4869,µmol photons/m2/s
lake,underwater_par,2005,uw_par,HOR,HOR UwPAR,11.14,µmol photons/m2/s
lake,underwater_par,2005,uw_par,ELB,ELB UwPAR,6.353333333,µmol photons/m2/s
lake,underwater_par,2005,uw_par,WLB,WLB UwPAR,7.5875,µmol photons/m2/s
lake,underwater_par,2006,uw_par,FRX,FRX UwPAR,0.4694,µmol photons/m2/s
lake,underwater_par,2006,uw_par,HOR,HOR UwPAR,5.437,µmol photons/m2/s
lake,underwater_par,2006,uw_par,ELB,ELB UwPAR,12.412,µmol photons/m2/s
lake,underwater_par,2006,uw_par,WLB,WLB UwPAR,7.539,µmol photons/m2/s
lake,underwater_par,2007,uw_par,FRX,FRX UwPAR,0.3265,µmol photons/m2/s
lake,underwater_par,2007,uw_par,HOR,HOR UwPAR,4.716333333,µmol photons/m2/s
lake,underwater_par,2007,uw_par,ELB,ELB UwPAR,20.95,µmol photons/m2/s
lake,underwater_par,2007,uw_par,WLB,WLB UwPAR,14.075,µmol photons/m2/s
lake,underwater_par,2008,uw_par,FRX,FRX UwPAR,0.627266667,µmol photons/m2/s
lake,underwater_par,2008,uw_par,HOR,HOR UwPAR,9.1705,µmol photons/m2/s
lake,underwater_par,2008,uw_par,ELB,ELB UwPAR,21.91,µmol photons/m2/s
lake,underwater_par,2008,uw_par,WLB,WLB UwPAR,7.6885,µmol photons/m2/s
lake,underwater_par,2009,uw_par,FRX,FRX UwPAR,1.9483,µmol photons/m2/s
lake,underwater_par,2009,uw_par,HOR,HOR UwPAR,11.353,µmol photons/m2/s
lake,underwater_par,2009,uw_par,ELB,ELB UwPAR,17.63,µmol photons/m2/s
lake,underwater_par,2009,uw_par,WLB,WLB UwPAR,9.742,µmol photons/m2/s
lake,underwater_par,2010,uw_par,FRX,FRX UwPAR,2.654,µmol photons/m2/s
lake,underwater_par,2010,uw_par,HOR,HOR UwPAR,4.6045,µmol photons/m2/s
lake,underwater_par,2010,uw_par,ELB,ELB UwPAR,15.26666667,µmol photons/m2/s
lake,underwater_par,2010,uw_par,WLB,WLB UwPAR,11.55,µmol photons/m2/s
lake,underwater_par,2011,uw_par,FRX,FRX UwPAR,4.038,µmol photons/m2/s
lake,underwater_par,2011,uw_par,HOR,HOR UwPAR,,µmol photons/m2/s
lake,underwater_par,2011,uw_par,ELB,ELB UwPAR,,µmol photons/m2/s
lake,underwater_par,2011,uw_par,WLB,WLB UwPAR,,µmol photons/m2/s
lake,underwater_par,2012,uw_par,FRX,FRX UwPAR,1.5605,µmol photons/m2/s
lake,underwater_par,2012,uw_par,HOR,HOR UwPAR,3.2785,µmol photons/m2/s
lake,underwater_par,2012,uw_par,ELB,ELB UwPAR,11.714,µmol photons/m2/s
lake,underwater_par,2012,uw_par,WLB,WLB UwPAR,14.15,µmol photons/m2/s
lake,underwater_par,2013,uw_par,FRX,FRX UwPAR,3.345,µmol photons/m2/s
lake,underwater_par,2013,uw_par,HOR,HOR UwPAR,2.75,µmol photons/m2/s
lake,underwater_par,2013,uw_par,ELB,ELB UwPAR,10.905,µmol photons/m2/s
lake,underwater_par,2013,uw_par,WLB,WLB UwPAR,11.675,µmol photons/m2/s
lake,lake_chla,1988,chla,FRX,FRX Chl-a,,mg/m2
lake,lake_chla,1988,chla,HOR,HOR Chl-a,,mg/m2
lake,lake_chla,1988,chla,ELB,ELB Chl-a,,mg/m2
lake,lake_chla,1988,chla,WLB,WLB Chl-a,,mg/m2
lake,lake_chla,1989,chla,FRX,FRX Chl-a,,mg/m2
lake,lake_chla,1989,chla,HOR,HOR Chl-a,,mg/m2
lake,lake_chla,1989,chla,ELB,ELB Chl-a,,mg/m2
lake,lake_chla,1989,chla,WLB,WLB Chl-a,,mg/m2
lake,lake_chla,1990,chla,FRX,FRX Chl-a,,mg/m2
lake,lake_chla,1990,chla,HOR,HOR Chl-a,,mg/m2
lake,lake_chla,1990,chla,ELB,ELB Chl-a,11.04921486,mg/m2
lake,lake_chla,1990,chla,WLB,WLB Chl-a,,mg/m2
lake,lake_chla,1991,chla,FRX,FRX Chl-a,,mg/m2
lake,lake_chla,1991,chla,HOR,HOR Chl-a,,mg/m2
lake,lake_chla,1991,chla,ELB,ELB Chl-a,12.260085,mg/m2
lake,lake_chla,1991,chla,WLB,WLB Chl-a,,mg/m2
lake,lake_chla,1992,chla,FRX,FRX Chl-a,,mg/m2
lake,lake_chla,1992,chla,HOR,HOR Chl-a,,mg/m2
lake,lake_chla,1992,chla,ELB,ELB Chl-a,17.1595625,mg/m2
lake,lake_chla,1992,chla,WLB,WLB Chl-a,,mg/m2
lake,lake_chla,1993,chla,FRX,FRX Chl-a,,mg/m2
lake,lake_chla,1993,chla,HOR,HOR Chl-a,,mg/m2
lake,lake_chla,1993,chla,ELB,ELB Chl-a,16.74345,mg/m2
lake,lake_chla,1993,chla,WLB,WLB Chl-a,28.63945833,mg/m2
lake,lake_chla,1994,chla,FRX,FRX Chl-a,47.3434057,mg/m2
lake,lake_chla,1994,chla,HOR,HOR Chl-a,37.08637855,mg/m2
lake,lake_chla,1994,chla,ELB,ELB Chl-a,14.47458601,mg/m2
lake,lake_chla,1994,chla,WLB,WLB Chl-a,30.56698322,mg/m2
lake,lake_chla,1995,chla,FRX,FRX Chl-a,41.79380939,mg/m2
lake,lake_chla,1995,chla,HOR,HOR Chl-a,49.2813715,mg/m2
lake,lake_chla,1995,chla,ELB,ELB Chl-a,12.43778214,mg/m2
lake,lake_chla,1995,chla,WLB,WLB Chl-a,32.61434562,mg/m2
lake,lake_chla,1996,chla,FRX,FRX Chl-a,32.84780766,mg/m2
lake,lake_chla,1996,chla,HOR,HOR Chl-a,25.39130137,mg/m2
lake,lake_chla,1996,chla,ELB,ELB Chl-a,8.757800973,mg/m2
lake,lake_chla,1996,chla,WLB,WLB Chl-a,18.60233202,mg/m2
lake,lake_chla,1997,chla,FRX,FRX Chl-a,43.93930425,mg/m2
lake,lake_chla,1997,chla,HOR,HOR Chl-a,38.62771408,mg/m2
lake,lake_chla,1997,chla,ELB,ELB Chl-a,6.873801858,mg/m2
lake,lake_chla,1997,chla,WLB,WLB Chl-a,12.41099148,mg/m2
lake,lake_chla,1998,chla,FRX,FRX Chl-a,59.22083973,mg/m2
lake,lake_chla,1998,chla,HOR,HOR Chl-a,40.93565717,mg/m2
lake,lake_chla,1998,chla,ELB,ELB Chl-a,9.222620689,mg/m2
lake,lake_chla,1998,chla,WLB,WLB Chl-a,25.57662606,mg/m2
lake,lake_chla,1999,chla,FRX,FRX Chl-a,67.78873223,mg/m2
lake,lake_chla,1999,chla,HOR,HOR Chl-a,34.19396207,mg/m2
lake,lake_chla,1999,chla,ELB,ELB Chl-a,10.86780114,mg/m2
lake,lake_chla,1999,chla,WLB,WLB Chl-a,21.41051855,mg/m2
lake,lake_chla,2000,chla,FRX,FRX Chl-a,62.46210192,mg/m2
lake,lake_chla,2000,chla,HOR,HOR Chl-a,35.82242774,mg/m2
lake,lake_chla,2000,chla,ELB,ELB Chl-a,12.50194954,mg/m2
lake,lake_chla,2000,chla,WLB,WLB Chl-a,24.83011242,mg/m2
lake,lake_chla,2001,chla,FRX,FRX Chl-a,55.14483041,mg/m2
lake,lake_chla,2001,chla,HOR,HOR Chl-a,43.98965972,mg/m2
lake,lake_chla,2001,chla,ELB,ELB Chl-a,12.44488329,mg/m2
lake,lake_chla,2001,chla,WLB,WLB Chl-a,22.8253702,mg/m2
lake,lake_chla,2002,chla,FRX,FRX Chl-a,48.21220178,mg/m2
lake,lake_chla,2002,chla,HOR,HOR Chl-a,29.57241404,mg/m2
lake,lake_chla,2002,chla,ELB,ELB Chl-a,6.946331354,mg/m2
lake,lake_chla,2002,chla,WLB,WLB Chl-a,13.06065044,mg/m2
lake,lake_chla,2003,chla,FRX,FRX Chl-a,55.1732138,mg/m2
lake,lake_chla,2003,chla,HOR,HOR Chl-a,40.35363266,mg/m2
lake,lake_chla,2003,chla,ELB,ELB Chl-a,25.37509501,mg/m2
lake,lake_chla,2003,chla,WLB,WLB Chl-a,34.43867791,mg/m2
lake,lake_chla,2004,chla,FRX,FRX Chl-a,59.23473488,mg/m2
lake,lake_chla,2004,chla,HOR,HOR Chl-a,39.3631162,mg/m2
lake,lake_chla,2004,chla,ELB,ELB Chl-a,28.56897515,mg/m2
lake,lake_chla,2004,chla,WLB,WLB Chl-a,34.37768915,mg/m2
lake,lake_chla,2005,chla,FRX,FRX Chl-a,46.52026537,mg/m2
lake,lake_chla,2005,chla,HOR,HOR Chl-a,52.32368544,mg/m2
lake,lake_chla,2005,chla,ELB,ELB Chl-a,28.10265713,mg/m2
lake,lake_chla,2005,chla,WLB,WLB Chl-a,46.32960597,mg/m2
lake,lake_chla,2006,chla,FRX,FRX Chl-a,28.07990508,mg/m2
lake,lake_chla,2006,chla,HOR,HOR Chl-a,36.9358041,mg/m2
lake,lake_chla,2006,chla,ELB,ELB Chl-a,20.05542568,mg/m2
lake,lake_chla,2006,chla,WLB,WLB Chl-a,35.10026611,mg/m2
lake,lake_chla,2007,chla,FRX,FRX Chl-a,45.33011601,mg/m2
lake,lake_chla,2007,chla,HOR,HOR Chl-a,37.68652708,mg/m2
lake,lake_chla,2007,chla,ELB,ELB Chl-a,16.82129559,mg/m2
lake,lake_chla,2007,chla,WLB,WLB Chl-a,32.27857087,mg/m2
lake,lake_chla,2008,chla,FRX,FRX Chl-a,40.72299874,mg/m2
lake,lake_chla,2008,chla,HOR,HOR Chl-a,35.1857171,mg/m2
lake,lake_chla,2008,chla,ELB,ELB Chl-a,19.55362089,mg/m2
lake,lake_chla,2008,chla,WLB,WLB Chl-a,32.78345787,mg/m2
lake,lake_chla,2009,chla,FRX,FRX Chl-a,33.51478999,mg/m2
lake,lake_chla,2009,chla,HOR,HOR Chl-a,24.98402882,mg/m2
lake,lake_chla,2009,chla,ELB,ELB Chl-a,10.55996444,mg/m2
lake,lake_chla,2009,chla,WLB,WLB Chl-a,20.08626322,mg/m2
lake,lake_chla,2010,chla,FRX,FRX Chl-a,40.1645616,mg/m2
lake,lake_chla,2010,chla,HOR,HOR Chl-a,28.63784044,mg/m2
lake,lake_chla,2010,chla,ELB,ELB Chl-a,15.23623655,mg/m2
lake,lake_chla,2010,chla,WLB,WLB Chl-a,25.95765884,mg/m2
lake,lake_chla,2011,chla,FRX,FRX Chl-a,43.90358218,mg/m2
lake,lake_chla,2011,chla,HOR,HOR Chl-a,34.16509321,mg/m2
lake,lake_chla,2011,chla,ELB,ELB Chl-a,14.26654174,mg/m2
lake,lake_chla,2011,chla,WLB,WLB Chl-a,32.12385683,mg/m2
lake,lake_chla,2012,chla,FRX,FRX Chl-a,36.09995905,mg/m2
lake,lake_chla,2012,chla,HOR,HOR Chl-a,30.29800994,mg/m2
lake,lake_chla,2012,chla,ELB,ELB Chl-a,15.40191184,mg/m2
lake,lake_chla,2012,chla,WLB,WLB Chl-a,31.15737964,mg/m2
lake,lake_chla,2013,chla,FRX,FRX Chl-a,47.3840399,mg/m2
lake,lake_chla,2013,chla,HOR,HOR Chl-a,39.57785889,mg/m2
lake,lake_chla,2013,chla,ELB,ELB Chl-a,23.33403649,mg/m2
lake,lake_chla,2013,chla,WLB,WLB Chl-a,28.02031188,mg/m2
stream,frx_basin_dsch,1988,disch,Aiken,Aiken,,10^6 m3/s
stream,frx_basin_dsch,1988,disch,Canada,Canada,,10^6 m3/s
stream,frx_basin_dsch,1988,disch,Crescent,Crescent,,10^6 m3/s
stream,frx_basin_dsch,1988,disch,Delta,Delta,,10^6 m3/s
stream,frx_basin_dsch,1988,disch,Green,Green,,10^6 m3/s
stream,frx_basin_dsch,1988,disch,Huey,Huey,,10^6 m3/s
stream,frx_basin_dsch,1988,disch,Lost Seal,Lost Seal,,10^6 m3/s
stream,frx_basin_dsch,1988,disch,Von Guerard,Von Guerard,,10^6 m3/s
stream,frx_basin_dsch,1988,disch,Commonwealth,Commonwealth,,10^6 m3/s
stream,frx_basin_dsch,1988,disch,Total_FRX_basin,FRX_Q_x10e6,,10^6 m3/s
stream,frx_basin_dsch,1989,disch,Aiken,Aiken,,10^6 m3/s
stream,frx_basin_dsch,1989,disch,Canada,Canada,,10^6 m3/s
stream,frx_basin_dsch,1989,disch,Crescent,Crescent,,10^6 m3/s
stream,frx_basin_dsch,1989,disch,Delta,Delta,,10^6 m3/s
stream,frx_basin_dsch,1989,disch,Green,Green,,10^6 m3/s
stream,frx_basin_dsch,1989,disch,Huey,Huey,,10^6 m3/s
stream,frx_basin_dsch,1989,disch,Lost Seal,Lost Seal,,10^6 m3/s
stream,frx_basin_dsch,1989,disch,Von Guerard,Von Guerard,,10^6 m3/s
stream,frx_basin_dsch,1989,disch,Commonwealth,Commonwealth,,10^6 m3/s
stream,frx_basin_dsch,1989,disch,Total_FRX_basin,FRX_Q_x10e6,,10^6 m3/s
stream,frx_basin_dsch,1990,disch,Aiken,Aiken,,10^6 m3/s
stream,frx_basin_dsch,1990,disch,Canada,Canada,,10^6 m3/s
stream,frx_basin_dsch,1990,disch,Crescent,Crescent,,10^6 m3/s
stream,frx_basin_dsch,1990,disch,Delta,Delta,,10^6 m3/s
stream,frx_basin_dsch,1990,disch,Green,Green,,10^6 m3/s
stream,frx_basin_dsch,1990,disch,Huey,Huey,,10^6 m3/s
stream,frx_basin_dsch,1990,disch,Lost Seal,Lost Seal,,10^6 m3/s
stream,frx_basin_dsch,1990,disch,Von Guerard,Von Guerard,,10^6 m3/s
stream,frx_basin_dsch,1990,disch,Commonwealth,Commonwealth,,10^6 m3/s
stream,frx_basin_dsch,1990,disch,Total_FRX_basin,FRX_Q_x10e6,,10^6 m3/s
stream,frx_basin_dsch,1991,disch,Aiken,Aiken,302.4014996,10^6 m3/s
stream,frx_basin_dsch,1991,disch,Canada,Canada,515.9985365,10^6 m3/s
stream,frx_basin_dsch,1991,disch,Crescent,Crescent,250.1566234,10^6 m3/s
stream,frx_basin_dsch,1991,disch,Delta,Delta,59.80309312,10^6 m3/s
stream,frx_basin_dsch,1991,disch,Green,Green,337.3449084,10^6 m3/s
stream,frx_basin_dsch,1991,disch,Huey,Huey,202.8926982,10^6 m3/s
stream,frx_basin_dsch,1991,disch,Lost Seal,Lost Seal,545.2668771,10^6 m3/s
stream,frx_basin_dsch,1991,disch,Von Guerard,Von Guerard,176.882125,10^6 m3/s
stream,frx_basin_dsch,1991,disch,Commonwealth,Commonwealth,743.6875955,10^6 m3/s
stream,frx_basin_dsch,1991,disch,Total_FRX_basin,FRX_Q_x10e6,3134.433957,10^6 m3/s
stream,frx_basin_dsch,1992,disch,Aiken,Aiken,315.2527639,10^6 m3/s
stream,frx_basin_dsch,1992,disch,Canada,Canada,305.1093387,10^6 m3/s
stream,frx_basin_dsch,1992,disch,Crescent,Crescent,119.2382708,10^6 m3/s
stream,frx_basin_dsch,1992,disch,Delta,Delta,179.5968211,10^6 m3/s
stream,frx_basin_dsch,1992,disch,Green,Green,226.819313,10^6 m3/s
stream,frx_basin_dsch,1992,disch,Huey,Huey,73.95887192,10^6 m3/s
stream,frx_basin_dsch,1992,disch,Lost Seal,Lost Seal,485.5107438,10^6 m3/s
stream,frx_basin_dsch,1992,disch,Von Guerard,Von Guerard,158.7845937,10^6 m3/s
stream,frx_basin_dsch,1992,disch,Commonwealth,Commonwealth,426.0251969,10^6 m3/s
stream,frx_basin_dsch,1992,disch,Total_FRX_basin,FRX_Q_x10e6,2290.295914,10^6 m3/s
stream,frx_basin_dsch,1993,disch,Aiken,Aiken,,10^6 m3/s
stream,frx_basin_dsch,1993,disch,Canada,Canada,,10^6 m3/s
stream,frx_basin_dsch,1993,disch,Crescent,Crescent,,10^6 m3/s
stream,frx_basin_dsch,1993,disch,Delta,Delta,,10^6 m3/s
stream,frx_basin_dsch,1993,disch,Green,Green,,10^6 m3/s
stream,frx_basin_dsch,1993,disch,Huey,Huey,,10^6 m3/s
stream,frx_basin_dsch,1993,disch,Lost Seal,Lost Seal,,10^6 m3/s
stream,frx_basin_dsch,1993,disch,Von Guerard,Von Guerard,,10^6 m3/s
stream,frx_basin_dsch,1993,disch,Commonwealth,Commonwealth,,10^6 m3/s
stream,frx_basin_dsch,1993,disch,Total_FRX_basin,FRX_Q_x10e6,,10^6 m3/s
stream,frx_basin_dsch,1994,disch,Aiken,Aiken,96.13826573,10^6 m3/s
stream,frx_basin_dsch,1994,disch,Canada,Canada,135.656352,10^6 m3/s
stream,frx_basin_dsch,1994,disch,Crescent,Crescent,75.25290547,10^6 m3/s
stream,frx_basin_dsch,1994,disch,Delta,Delta,97.0231657,10^6 m3/s
stream,frx_basin_dsch,1994,disch,Green,Green,66.31408672,10^6 m3/s
stream,frx_basin_dsch,1994,disch,Huey,Huey,53.81105591,10^6 m3/s
stream,frx_basin_dsch,1994,disch,Lost Seal,Lost Seal,203.9468161,10^6 m3/s
stream,frx_basin_dsch,1994,disch,Von Guerard,Von Guerard,82.19750931,10^6 m3/s
stream,frx_basin_dsch,1994,disch,Commonwealth,Commonwealth,118.8229815,10^6 m3/s
stream,frx_basin_dsch,1994,disch,Total_FRX_basin,FRX_Q_x10e6,929.1631384,10^6 m3/s
stream,frx_basin_dsch,1995,disch,Aiken,Aiken,45.38775626,10^6 m3/s
stream,frx_basin_dsch,1995,disch,Canada,Canada,47.1085974,10^6 m3/s
stream,frx_basin_dsch,1995,disch,Crescent,Crescent,34.00764142,10^6 m3/s
stream,frx_basin_dsch,1995,disch,Delta,Delta,37.04552309,10^6 m3/s
stream,frx_basin_dsch,1995,disch,Green,Green,33.63868354,10^6 m3/s
stream,frx_basin_dsch,1995,disch,Huey,Huey,0,10^6 m3/s
stream,frx_basin_dsch,1995,disch,Lost Seal,Lost Seal,34.02977967,10^6 m3/s
stream,frx_basin_dsch,1995,disch,Von Guerard,Von Guerard,21.7636382,10^6 m3/s
stream,frx_basin_dsch,1995,disch,Commonwealth,Commonwealth,65.59443476,10^6 m3/s
stream,frx_basin_dsch,1995,disch,Total_FRX_basin,FRX_Q_x10e6,318.5760543,10^6 m3/s
stream,frx_basin_dsch,1996,disch,Aiken,Aiken,61.7181574,10^6 m3/s
stream,frx_basin_dsch,1996,disch,Canada,Canada,116.2076657,10^6 m3/s
stream,frx_basin_dsch,1996,disch,Crescent,Crescent,43.63371954,10^6 m3/s
stream,frx_basin_dsch,1996,disch,Delta,Delta,0,10^6 m3/s
stream,frx_basin_dsch,1996,disch,Green,Green,74.88068296,10^6 m3/s
stream,frx_basin_dsch,1996,disch,Huey,Huey,0,10^6 m3/s
stream,frx_basin_dsch,1996,disch,Lost Seal,Lost Seal,81.80742717,10^6 m3/s
stream,frx_basin_dsch,1996,disch,Von Guerard,Von Guerard,18.61190714,10^6 m3/s
stream,frx_basin_dsch,1996,disch,Commonwealth,Commonwealth,139.3933773,10^6 m3/s
stream,frx_basin_dsch,1996,disch,Total_FRX_basin,FRX_Q_x10e6,536.2529371,10^6 m3/s
stream,frx_basin_dsch,1997,disch,Aiken,Aiken,67.35366026,10^6 m3/s
stream,frx_basin_dsch,1997,disch,Canada,Canada,98.71449705,10^6 m3/s
stream,frx_basin_dsch,1997,disch,Crescent,Crescent,42.68171056,10^6 m3/s
stream,frx_basin_dsch,1997,disch,Delta,Delta,0,10^6 m3/s
stream,frx_basin_dsch,1997,disch,Green,Green,72.41013086,10^6 m3/s
stream,frx_basin_dsch,1997,disch,Huey,Huey,7.25491035,10^6 m3/s
stream,frx_basin_dsch,1997,disch,Lost Seal,Lost Seal,61.94856087,10^6 m3/s
stream,frx_basin_dsch,1997,disch,Von Guerard,Von Guerard,17.80474186,10^6 m3/s
stream,frx_basin_dsch,1997,disch,Commonwealth,Commonwealth,119.3029246,10^6 m3/s
stream,frx_basin_dsch,1997,disch,Total_FRX_basin,FRX_Q_x10e6,487.4711365,10^6 m3/s
stream,frx_basin_dsch,1998,disch,Aiken,Aiken,85.00138865,10^6 m3/s
stream,frx_basin_dsch,1998,disch,Canada,Canada,83.35110645,10^6 m3/s
stream,frx_basin_dsch,1998,disch,Crescent,Crescent,47.69297701,10^6 m3/s
stream,frx_basin_dsch,1998,disch,Delta,Delta,45.9257144,10^6 m3/s
stream,frx_basin_dsch,1998,disch,Green,Green,63.65177842,10^6 m3/s
stream,frx_basin_dsch,1998,disch,Huey,Huey,5.980087845,10^6 m3/s
stream,frx_basin_dsch,1998,disch,Lost Seal,Lost Seal,71.81091198,10^6 m3/s
stream,frx_basin_dsch,1998,disch,Von Guerard,Von Guerard,11.13477482,10^6 m3/s
stream,frx_basin_dsch,1998,disch,Commonwealth,Commonwealth,99.75602812,10^6 m3/s
stream,frx_basin_dsch,1998,disch,Total_FRX_basin,FRX_Q_x10e6,514.3047677,10^6 m3/s
stream,frx_basin_dsch,1999,disch,Aiken,Aiken,146.1964614,10^6 m3/s
stream,frx_basin_dsch,1999,disch,Canada,Canada,137.5143673,10^6 m3/s
stream,frx_basin_dsch,1999,disch,Crescent,Crescent,44.13135996,10^6 m3/s
stream,frx_basin_dsch,1999,disch,Delta,Delta,66.11427085,10^6 m3/s
stream,frx_basin_dsch,1999,disch,Green,Green,81.16775993,10^6 m3/s
stream,frx_basin_dsch,1999,disch,Huey,Huey,3.530747524,10^6 m3/s
stream,frx_basin_dsch,1999,disch,Lost Seal,Lost Seal,155.0509834,10^6 m3/s
stream,frx_basin_dsch,1999,disch,Von Guerard,Von Guerard,27.91052536,10^6 m3/s
stream,frx_basin_dsch,1999,disch,Commonwealth,Commonwealth,161.1634131,10^6 m3/s
stream,frx_basin_dsch,1999,disch,Total_FRX_basin,FRX_Q_x10e6,822.7798888,10^6 m3/s
stream,frx_basin_dsch,2000,disch,Aiken,Aiken,63.59977059,10^6 m3/s
stream,frx_basin_dsch,2000,disch,Canada,Canada,91.8006399,10^6 m3/s
stream,frx_basin_dsch,2000,disch,Crescent,Crescent,28.48477514,10^6 m3/s
stream,frx_basin_dsch,2000,disch,Delta,Delta,32.06035116,10^6 m3/s
stream,frx_basin_dsch,2000,disch,Green,Green,55.2835975,10^6 m3/s
stream,frx_basin_dsch,2000,disch,Huey,Huey,4.711144995,10^6 m3/s
stream,frx_basin_dsch,2000,disch,Lost Seal,Lost Seal,89.76269709,10^6 m3/s
stream,frx_basin_dsch,2000,disch,Von Guerard,Von Guerard,0,10^6 m3/s
stream,frx_basin_dsch,2000,disch,Commonwealth,Commonwealth,104.8561664,10^6 m3/s
stream,frx_basin_dsch,2000,disch,Total_FRX_basin,FRX_Q_x10e6,470.5591428,10^6 m3/s
stream,frx_basin_dsch,2001,disch,Aiken,Aiken,42.32663037,10^6 m3/s
stream,frx_basin_dsch,2001,disch,Canada,Canada,97.78986725,10^6 m3/s
stream,frx_basin_dsch,2001,disch,Crescent,Crescent,0,10^6 m3/s
stream,frx_basin_dsch,2001,disch,Delta,Delta,27.11022144,10^6 m3/s
stream,frx_basin_dsch,2001,disch,Green,Green,99.61834368,10^6 m3/s
stream,frx_basin_dsch,2001,disch,Huey,Huey,0,10^6 m3/s
stream,frx_basin_dsch,2001,disch,Lost Seal,Lost Seal,44.55360816,10^6 m3/s
stream,frx_basin_dsch,2001,disch,Von Guerard,Von Guerard,0,10^6 m3/s
stream,frx_basin_dsch,2001,disch,Commonwealth,Commonwealth,102.4351544,10^6 m3/s
stream,frx_basin_dsch,2001,disch,Total_FRX_basin,FRX_Q_x10e6,413.8338253,10^6 m3/s
stream,frx_basin_dsch,2002,disch,Aiken,Aiken,783.8901221,10^6 m3/s
stream,frx_basin_dsch,2002,disch,Canada,Canada,766.655598,10^6 m3/s
stream,frx_basin_dsch,2002,disch,Crescent,Crescent,198.3012636,10^6 m3/s
stream,frx_basin_dsch,2002,disch,Delta,Delta,446.2743704,10^6 m3/s
stream,frx_basin_dsch,2002,disch,Green,Green,347.6740125,10^6 m3/s
stream,frx_basin_dsch,2002,disch,Huey,Huey,326.6647924,10^6 m3/s
stream,frx_basin_dsch,2002,disch,Lost Seal,Lost Seal,1127.24188,10^6 m3/s
stream,frx_basin_dsch,2002,disch,Von Guerard,Von Guerard,292.2573441,10^6 m3/s
stream,frx_basin_dsch,2002,disch,Commonwealth,Commonwealth,1274.099997,10^6 m3/s
stream,frx_basin_dsch,2002,disch,Total_FRX_basin,FRX_Q_x10e6,5563.05938,10^6 m3/s
stream,frx_basin_dsch,2003,disch,Aiken,Aiken,99.72060834,10^6 m3/s
stream,frx_basin_dsch,2003,disch,Canada,Canada,125.91374,10^6 m3/s
stream,frx_basin_dsch,2003,disch,Crescent,Crescent,62.28521986,10^6 m3/s
stream,frx_basin_dsch,2003,disch,Delta,Delta,68.684355,10^6 m3/s
stream,frx_basin_dsch,2003,disch,Green,Green,83.42908978,10^6 m3/s
stream,frx_basin_dsch,2003,disch,Huey,Huey,0,10^6 m3/s
stream,frx_basin_dsch,2003,disch,Lost Seal,Lost Seal,152.0266551,10^6 m3/s
stream,frx_basin_dsch,2003,disch,Von Guerard,Von Guerard,28.73664002,10^6 m3/s
stream,frx_basin_dsch,2003,disch,Commonwealth,Commonwealth,221.5348395,10^6 m3/s
stream,frx_basin_dsch,2003,disch,Total_FRX_basin,FRX_Q_x10e6,842.3311476,10^6 m3/s
stream,frx_basin_dsch,2004,disch,Aiken,Aiken,76.00501767,10^6 m3/s
stream,frx_basin_dsch,2004,disch,Canada,Canada,97.5150036,10^6 m3/s
stream,frx_basin_dsch,2004,disch,Crescent,Crescent,79.51339534,10^6 m3/s
stream,frx_basin_dsch,2004,disch,Delta,Delta,39.20663844,10^6 m3/s
stream,frx_basin_dsch,2004,disch,Green,Green,111.3468864,10^6 m3/s
stream,frx_basin_dsch,2004,disch,Huey,Huey,0,10^6 m3/s
stream,frx_basin_dsch,2004,disch,Lost Seal,Lost Seal,96.24365289,10^6 m3/s
stream,frx_basin_dsch,2004,disch,Von Guerard,Von Guerard,28.99767714,10^6 m3/s
stream,frx_basin_dsch,2004,disch,Commonwealth,Commonwealth,206.8969357,10^6 m3/s
stream,frx_basin_dsch,2004,disch,Total_FRX_basin,FRX_Q_x10e6,735.7252072,10^6 m3/s
stream,frx_basin_dsch,2005,disch,Aiken,Aiken,166.3509087,10^6 m3/s
stream,frx_basin_dsch,2005,disch,Canada,Canada,232.8875091,10^6 m3/s
stream,frx_basin_dsch,2005,disch,Crescent,Crescent,100.8941136,10^6 m3/s
stream,frx_basin_dsch,2005,disch,Delta,Delta,124.3856569,10^6 m3/s
stream,frx_basin_dsch,2005,disch,Green,Green,207.0583604,10^6 m3/s
stream,frx_basin_dsch,2005,disch,Huey,Huey,2.006232075,10^6 m3/s
stream,frx_basin_dsch,2005,disch,Lost Seal,Lost Seal,292.4293797,10^6 m3/s
stream,frx_basin_dsch,2005,disch,Von Guerard,Von Guerard,124.52519,10^6 m3/s
stream,frx_basin_dsch,2005,disch,Commonwealth,Commonwealth,483.1203262,10^6 m3/s
stream,frx_basin_dsch,2005,disch,Total_FRX_basin,FRX_Q_x10e6,1733.657677,10^6 m3/s
stream,frx_basin_dsch,2006,disch,Aiken,Aiken,192.8760736,10^6 m3/s
stream,frx_basin_dsch,2006,disch,Canada,Canada,261.2539044,10^6 m3/s
stream,frx_basin_dsch,2006,disch,Crescent,Crescent,79.40598826,10^6 m3/s
stream,frx_basin_dsch,2006,disch,Delta,Delta,217.169024,10^6 m3/s
stream,frx_basin_dsch,2006,disch,Green,Green,234.9902182,10^6 m3/s
stream,frx_basin_dsch,2006,disch,Huey,Huey,14.87757348,10^6 m3/s
stream,frx_basin_dsch,2006,disch,Lost Seal,Lost Seal,409.878137,10^6 m3/s
stream,frx_basin_dsch,2006,disch,Von Guerard,Von Guerard,59.78505325,10^6 m3/s
stream,frx_basin_dsch,2006,disch,Commonwealth,Commonwealth,400.7635338,10^6 m3/s
stream,frx_basin_dsch,2006,disch,Total_FRX_basin,FRX_Q_x10e6,1870.999506,10^6 m3/s
stream,frx_basin_dsch,2007,disch,Aiken,Aiken,128.7497995,10^6 m3/s
stream,frx_basin_dsch,2007,disch,Canada,Canada,123.0877917,10^6 m3/s
stream,frx_basin_dsch,2007,disch,Crescent,Crescent,104.3213153,10^6 m3/s
stream,frx_basin_dsch,2007,disch,Delta,Delta,192.993727,10^6 m3/s
stream,frx_basin_dsch,2007,disch,Green,Green,190.8361109,10^6 m3/s
stream,frx_basin_dsch,2007,disch,Huey,Huey,33.24956661,10^6 m3/s
stream,frx_basin_dsch,2007,disch,Lost Seal,Lost Seal,192.1086667,10^6 m3/s
stream,frx_basin_dsch,2007,disch,Von Guerard,Von Guerard,61.32125418,10^6 m3/s
stream,frx_basin_dsch,2007,disch,Commonwealth,Commonwealth,195.0081963,10^6 m3/s
stream,frx_basin_dsch,2007,disch,Total_FRX_basin,FRX_Q_x10e6,1221.676428,10^6 m3/s
stream,frx_basin_dsch,2008,disch,Aiken,Aiken,113.2794121,10^6 m3/s
stream,frx_basin_dsch,2008,disch,Canada,Canada,239.2674282,10^6 m3/s
stream,frx_basin_dsch,2008,disch,Crescent,Crescent,31.77225893,10^6 m3/s
stream,frx_basin_dsch,2008,disch,Delta,Delta,72.01051229,10^6 m3/s
stream,frx_basin_dsch,2008,disch,Green,Green,182.7764526,10^6 m3/s
stream,frx_basin_dsch,2008,disch,Huey,Huey,8.12344554,10^6 m3/s
stream,frx_basin_dsch,2008,disch,Lost Seal,Lost Seal,157.7152643,10^6 m3/s
stream,frx_basin_dsch,2008,disch,Von Guerard,Von Guerard,35.39358467,10^6 m3/s
stream,frx_basin_dsch,2008,disch,Commonwealth,Commonwealth,139.6140805,10^6 m3/s
stream,frx_basin_dsch,2008,disch,Total_FRX_basin,FRX_Q_x10e6,979.9524391,10^6 m3/s
stream,frx_basin_dsch,2009,disch,Aiken,Aiken,507.376413,10^6 m3/s
stream,frx_basin_dsch,2009,disch,Canada,Canada,565.1870999,10^6 m3/s
stream,frx_basin_dsch,2009,disch,Crescent,Crescent,173.2384534,10^6 m3/s
stream,frx_basin_dsch,2009,disch,Delta,Delta,400.6353218,10^6 m3/s
stream,frx_basin_dsch,2009,disch,Green,Green,446.4402919,10^6 m3/s
stream,frx_basin_dsch,2009,disch,Huey,Huey,298.0616582,10^6 m3/s
stream,frx_basin_dsch,2009,disch,Lost Seal,Lost Seal,807.6964159,10^6 m3/s
stream,frx_basin_dsch,2009,disch,Von Guerard,Von Guerard,212.2029475,10^6 m3/s
stream,frx_basin_dsch,2009,disch,Commonwealth,Commonwealth,621.9291577,10^6 m3/s
stream,frx_basin_dsch,2009,disch,Total_FRX_basin,FRX_Q_x10e6,4032.767759,10^6 m3/s
stream,frx_basin_dsch,2010,disch,Aiken,Aiken,145.9761679,10^6 m3/s
stream,frx_basin_dsch,2010,disch,Canada,Canada,164.4778089,10^6 m3/s
stream,frx_basin_dsch,2010,disch,Crescent,Crescent,73.77478006,10^6 m3/s
stream,frx_basin_dsch,2010,disch,Delta,Delta,64.58921287,10^6 m3/s
stream,frx_basin_dsch,2010,disch,Green,Green,130.4620533,10^6 m3/s
stream,frx_basin_dsch,2010,disch,Huey,Huey,4.084999695,10^6 m3/s
stream,frx_basin_dsch,2010,disch,Lost Seal,Lost Seal,138.7374548,10^6 m3/s
stream,frx_basin_dsch,2010,disch,Von Guerard,Von Guerard,114.0523039,10^6 m3/s
stream,frx_basin_dsch,2010,disch,Commonwealth,Commonwealth,204.0449145,10^6 m3/s
stream,frx_basin_dsch,2010,disch,Total_FRX_basin,FRX_Q_x10e6,1040.199696,10^6 m3/s
stream,frx_basin_dsch,2011,disch,Aiken,Aiken,741.4311514,10^6 m3/s
stream,frx_basin_dsch,2011,disch,Canada,Canada,394.1169651,10^6 m3/s
stream,frx_basin_dsch,2011,disch,Crescent,Crescent,145.7819452,10^6 m3/s
stream,frx_basin_dsch,2011,disch,Delta,Delta,283.8133415,10^6 m3/s
stream,frx_basin_dsch,2011,disch,Green,Green,311.259467,10^6 m3/s
stream,frx_basin_dsch,2011,disch,Huey,Huey,129.1353785,10^6 m3/s
stream,frx_basin_dsch,2011,disch,Lost Seal,Lost Seal,944.4567781,10^6 m3/s
stream,frx_basin_dsch,2011,disch,Von Guerard,Von Guerard,240.389722,10^6 m3/s
stream,frx_basin_dsch,2011,disch,Commonwealth,Commonwealth,656.9906589,10^6 m3/s
stream,frx_basin_dsch,2011,disch,Total_FRX_basin,FRX_Q_x10e6,3847.375408,10^6 m3/s
stream,frx_basin_dsch,2012,disch,Aiken,Aiken,198.0306328,10^6 m3/s
stream,frx_basin_dsch,2012,disch,Canada,Canada,304.9917145,10^6 m3/s
stream,frx_basin_dsch,2012,disch,Crescent,Crescent,138.2508681,10^6 m3/s
stream,frx_basin_dsch,2012,disch,Delta,Delta,101.0101242,10^6 m3/s
stream,frx_basin_dsch,2012,disch,Green,Green,195.2077409,10^6 m3/s
stream,frx_basin_dsch,2012,disch,Huey,Huey,95.55585227,10^6 m3/s
stream,frx_basin_dsch,2012,disch,Lost Seal,Lost Seal,337.8030324,10^6 m3/s
stream,frx_basin_dsch,2012,disch,Von Guerard,Von Guerard,58.28504309,10^6 m3/s
stream,frx_basin_dsch,2012,disch,Commonwealth,Commonwealth,270.0634645,10^6 m3/s
stream,frx_basin_dsch,2012,disch,Total_FRX_basin,FRX_Q_x10e6,1699.198473,10^6 m3/s
stream,frx_basin_dsch,2013,disch,Aiken,Aiken,182.2358781,10^6 m3/s
stream,frx_basin_dsch,2013,disch,Canada,Canada,207.5473665,10^6 m3/s
stream,frx_basin_dsch,2013,disch,Crescent,Crescent,89.72353886,10^6 m3/s
stream,frx_basin_dsch,2013,disch,Delta,Delta,58.32151362,10^6 m3/s
stream,frx_basin_dsch,2013,disch,Green,Green,274.1050232,10^6 m3/s
stream,frx_basin_dsch,2013,disch,Huey,Huey,46.77521167,10^6 m3/s
stream,frx_basin_dsch,2013,disch,Lost Seal,Lost Seal,289.0744866,10^6 m3/s
stream,frx_basin_dsch,2013,disch,Von Guerard,Von Guerard,32.73149537,10^6 m3/s
stream,frx_basin_dsch,2013,disch,Commonwealth,Commonwealth,206.9935926,10^6 m3/s
stream,frx_basin_dsch,2013,disch,Total_FRX_basin,FRX_Q_x10e6,1387.508107,10^6 m3/s
stream,stream_mat_biomass,1988,chla,orange,Orange mat chl-a,,ug/cm2
stream,stream_mat_biomass,1988,AFDM,orange,Orange mat AFDM,,mg/cm2
stream,stream_mat_biomass,1988,chla,black,Black mat chl-a,,ug/cm2
stream,stream_mat_biomass,1988,AFDM,black,Black mat AFDM,,mg/cm2
stream,stream_mat_biomass,1989,chla,orange,Orange mat chl-a,,ug/cm2
stream,stream_mat_biomass,1989,AFDM,orange,Orange mat AFDM,,mg/cm2
stream,stream_mat_biomass,1989,chla,black,Black mat chl-a,,ug/cm2
stream,stream_mat_biomass,1989,AFDM,black,Black mat AFDM,,mg/cm2
stream,stream_mat_biomass,1990,chla,orange,Orange mat chl-a,,ug/cm2
stream,stream_mat_biomass,1990,AFDM,orange,Orange mat AFDM,,mg/cm2
stream,stream_mat_biomass,1990,chla,black,Black mat chl-a,,ug/cm2
stream,stream_mat_biomass,1990,AFDM,black,Black mat AFDM,,mg/cm2
stream,stream_mat_biomass,1991,chla,orange,Orange mat chl-a,,ug/cm2
stream,stream_mat_biomass,1991,AFDM,orange,Orange mat AFDM,,mg/cm2
stream,stream_mat_biomass,1991,chla,black,Black mat chl-a,,ug/cm2
stream,stream_mat_biomass,1991,AFDM,black,Black mat AFDM,,mg/cm2
stream,stream_mat_biomass,1992,chla,orange,Orange mat chl-a,,ug/cm2
stream,stream_mat_biomass,1992,AFDM,orange,Orange mat AFDM,,mg/cm2
stream,stream_mat_biomass,1992,chla,black,Black mat chl-a,,ug/cm2
stream,stream_mat_biomass,1992,AFDM,black,Black mat AFDM,,mg/cm2
stream,stream_mat_biomass,1993,chla,orange,Orange mat chl-a,,ug/cm2
stream,stream_mat_biomass,1993,AFDM,orange,Orange mat AFDM,,mg/cm2
stream,stream_mat_biomass,1993,chla,black,Black mat chl-a,,ug/cm2
stream,stream_mat_biomass,1993,AFDM,black,Black mat AFDM,,mg/cm2
stream,stream_mat_biomass,1994,chla,orange,Orange mat chl-a,8.6225,ug/cm2
stream,stream_mat_biomass,1994,AFDM,orange,Orange mat AFDM,16.845,mg/cm2
stream,stream_mat_biomass,1994,chla,black,Black mat chl-a,49.61166667,ug/cm2
stream,stream_mat_biomass,1994,AFDM,black,Black mat AFDM,30.9875,mg/cm2
stream,stream_mat_biomass,1995,chla,orange,Orange mat chl-a,11.69333333,ug/cm2
stream,stream_mat_biomass,1995,AFDM,orange,Orange mat AFDM,16.04,mg/cm2
stream,stream_mat_biomass,1995,chla,black,Black mat chl-a,44.33555556,ug/cm2
stream,stream_mat_biomass,1995,AFDM,black,Black mat AFDM,24.82888889,mg/cm2
stream,stream_mat_biomass,1996,chla,orange,Orange mat chl-a,,ug/cm2
stream,stream_mat_biomass,1996,AFDM,orange,Orange mat AFDM,,mg/cm2
stream,stream_mat_biomass,1996,chla,black,Black mat chl-a,,ug/cm2
stream,stream_mat_biomass,1996,AFDM,black,Black mat AFDM,,mg/cm2
stream,stream_mat_biomass,1997,chla,orange,Orange mat chl-a,9.65,ug/cm2
stream,stream_mat_biomass,1997,AFDM,orange,Orange mat AFDM,9.3,mg/cm2
stream,stream_mat_biomass,1997,chla,black,Black mat chl-a,11.01666667,ug/cm2
stream,stream_mat_biomass,1997,AFDM,black,Black mat AFDM,20.62083333,mg/cm2
stream,stream_mat_biomass,1998,chla,orange,Orange mat chl-a,,ug/cm2
stream,stream_mat_biomass,1998,AFDM,orange,Orange mat AFDM,,mg/cm2
stream,stream_mat_biomass,1998,chla,black,Black mat chl-a,,ug/cm2
stream,stream_mat_biomass,1998,AFDM,black,Black mat AFDM,,mg/cm2
stream,stream_mat_biomass,1999,chla,orange,Orange mat chl-a,,ug/cm2
stream,stream_mat_biomass,1999,AFDM,orange,Orange mat AFDM,,mg/cm2
stream,stream_mat_biomass,1999,chla,black,Black mat chl-a,,ug/cm2
stream,stream_mat_biomass,1999,AFDM,black,Black mat AFDM,,mg/cm2
stream,stream_mat_biomass,2000,chla,orange,Orange mat chl-a,,ug/cm2
stream,stream_mat_biomass,2000,AFDM,orange,Orange mat AFDM,,mg/cm2
stream,stream_mat_biomass,2000,chla,black,Black mat chl-a,,ug/cm2
stream,stream_mat_biomass,2000,AFDM,black,Black mat AFDM,,mg/cm2
stream,stream_mat_biomass,2001,chla,orange,Orange mat chl-a,10.96111111,ug/cm2
stream,stream_mat_biomass,2001,AFDM,orange,Orange mat AFDM,15.15555556,mg/cm2
stream,stream_mat_biomass,2001,chla,black,Black mat chl-a,22.77777778,ug/cm2
stream,stream_mat_biomass,2001,AFDM,black,Black mat AFDM,23.10555556,mg/cm2
stream,stream_mat_biomass,2002,chla,orange,Orange mat chl-a,,ug/cm2
stream,stream_mat_biomass,2002,AFDM,orange,Orange mat AFDM,,mg/cm2
stream,stream_mat_biomass,2002,chla,black,Black mat chl-a,,ug/cm2
stream,stream_mat_biomass,2002,AFDM,black,Black mat AFDM,,mg/cm2
stream,stream_mat_biomass,2003,chla,orange,Orange mat chl-a,3.896111111,ug/cm2
stream,stream_mat_biomass,2003,AFDM,orange,Orange mat AFDM,4.775,mg/cm2
stream,stream_mat_biomass,2003,chla,black,Black mat chl-a,0.74375,ug/cm2
stream,stream_mat_biomass,2003,AFDM,black,Black mat AFDM,9.654166667,mg/cm2
stream,stream_mat_biomass,2004,chla,orange,Orange mat chl-a,,ug/cm2
stream,stream_mat_biomass,2004,AFDM,orange,Orange mat AFDM,,mg/cm2
stream,stream_mat_biomass,2004,chla,black,Black mat chl-a,,ug/cm2
stream,stream_mat_biomass,2004,AFDM,black,Black mat AFDM,,mg/cm2
stream,stream_mat_biomass,2005,chla,orange,Orange mat chl-a,,ug/cm2
stream,stream_mat_biomass,2005,AFDM,orange,Orange mat AFDM,,mg/cm2
stream,stream_mat_biomass,2005,chla,black,Black mat chl-a,,ug/cm2
stream,stream_mat_biomass,2005,AFDM,black,Black mat AFDM,,mg/cm2
stream,stream_mat_biomass,2006,chla,orange,Orange mat chl-a,,ug/cm2
stream,stream_mat_biomass,2006,AFDM,orange,Orange mat AFDM,,mg/cm2
stream,stream_mat_biomass,2006,chla,black,Black mat chl-a,,ug/cm2
stream,stream_mat_biomass,2006,AFDM,black,Black mat AFDM,,mg/cm2
stream,stream_mat_biomass,2007,chla,orange,Orange mat chl-a,2.063333333,ug/cm2
stream,stream_mat_biomass,2007,AFDM,orange,Orange mat AFDM,5.241666667,mg/cm2
stream,stream_mat_biomass,2007,chla,black,Black mat chl-a,5.05625,ug/cm2
stream,stream_mat_biomass,2007,AFDM,black,Black mat AFDM,16.7875,mg/cm2
stream,stream_mat_biomass,2008,chla,orange,Orange mat chl-a,14.596875,ug/cm2
stream,stream_mat_biomass,2008,AFDM,orange,Orange mat AFDM,10.10089286,mg/cm2
stream,stream_mat_biomass,2008,chla,black,Black mat chl-a,24.15833333,ug/cm2
stream,stream_mat_biomass,2008,AFDM,black,Black mat AFDM,13.38333333,mg/cm2
stream,stream_mat_biomass,2009,chla,orange,Orange mat chl-a,,ug/cm2
stream,stream_mat_biomass,2009,AFDM,orange,Orange mat AFDM,,mg/cm2
stream,stream_mat_biomass,2009,chla,black,Black mat chl-a,,ug/cm2
stream,stream_mat_biomass,2009,AFDM,black,Black mat AFDM,,mg/cm2
stream,stream_mat_biomass,2010,chla,orange,Orange mat chl-a,6.448958333,ug/cm2
stream,stream_mat_biomass,2010,AFDM,orange,Orange mat AFDM,4.46875,mg/cm2
stream,stream_mat_biomass,2010,chla,black,Black mat chl-a,20.75,ug/cm2
stream,stream_mat_biomass,2010,AFDM,black,Black mat AFDM,18.81875,mg/cm2
stream,stream_mat_biomass,2011,chla,orange,Orange mat chl-a,21.20083333,ug/cm2
stream,stream_mat_biomass,2011,AFDM,orange,Orange mat AFDM,14.38681818,mg/cm2
stream,stream_mat_biomass,2011,chla,black,Black mat chl-a,38.34833333,ug/cm2
stream,stream_mat_biomass,2011,AFDM,black,Black mat AFDM,36.9925,mg/cm2
stream,stream_mat_biomass,2012,chla,orange,Orange mat chl-a,11.428125,ug/cm2
stream,stream_mat_biomass,2012,AFDM,orange,Orange mat AFDM,10.10267857,mg/cm2
stream,stream_mat_biomass,2012,chla,black,Black mat chl-a,15.31875,ug/cm2
stream,stream_mat_biomass,2012,AFDM,black,Black mat AFDM,21.25625,mg/cm2
stream,stream_mat_biomass,2013,chla,orange,Orange mat chl-a,8.727042621,ug/cm2
stream,stream_mat_biomass,2013,AFDM,orange,Orange mat AFDM,11.11998899,mg/cm2
stream,stream_mat_biomass,2013,chla,black,Black mat chl-a,18.14628106,ug/cm2
stream,stream_mat_biomass,2013,AFDM,black,Black mat AFDM,23.57837739,mg/cm2
